Test,PAT,Cache,HO,DO,WinSZ,SZ,TAvg,Avg,Med,Min,Max,95%,99.9%,TAvg(ns),Avg(ns),Med(ns),Min(ns),Max(ns),95%(ns),99.9%(ns),#outliers,#samples
LAT_CMD_RD,Rand,Cold,0,0,8192,8,817,583.4067296981812,576.0,560,960,592.0,784.0,680.8333333333334,486.1722747484843,480.0,466.6666666666667,800.0,493.3333333333333,653.3333333333334,0,16777216
LAT_CMD_RD,Rand,HWarm,0,0,8192,8,748,513.8517150878906,512.0,464,720,528.0,544.0,623.3333333333334,428.2097625732422,426.6666666666667,386.6666666666667,600.0,440.0,453.3333333333333,0,16777216
LAT_CMD_RD,Rand,Cold,0,0,67108864,8,979,586.2098989486694,576.0,560,960,592.0,784.0,815.8333333333334,488.5082491238912,480.0,466.6666666666667,800.0,493.3333333333333,653.3333333333334,0,16777216
LAT_CMD_RD,Rand,HWarm,0,0,67108864,8,964,571.9054851531982,576.0,464,1008,592.0,784.0,803.3333333333334,476.58790429433185,480.0,386.6666666666667,840.0,493.3333333333333,653.3333333333334,0,16777216
LAT_CMD_WRRD,Rand,Cold,0,0,8192,8,908,650.3531770706177,656.0,624,912,656.0,672.0,756.6666666666666,541.9609808921814,546.6666666666666,520.0,760.0,546.6666666666666,560.0,0,16777216
LAT_CMD_WRRD,Rand,HWarm,0,0,8192,8,909,650.313775062561,656.0,624,784,656.0,672.0,757.5,541.9281458854675,546.6666666666666,520.0,653.3333333333334,546.6666666666666,560.0,0,16777216
LAT_CMD_WRRD,Rand,Cold,0,0,67108864,8,1152,736.1108112335205,736.0,624,1168,752.0,944.0,960.0,613.4256760279337,613.3333333333334,520.0,973.3333333333334,626.6666666666666,786.6666666666666,0,16777216
LAT_CMD_WRRD,Rand,HWarm,0,0,67108864,8,1134,717.781572341919,736.0,624,1152,752.0,944.0,945.0,598.1513102849325,613.3333333333334,520.0,960.0,626.6666666666666,786.6666666666666,0,16777216
