Test,PAT,Cache,HO,DO,WinSZ,SZ,TAvg,Avg,Med,Min,Max,95%,99.9%,TAvg(ns),Avg(ns),Med(ns),Min(ns),Max(ns),95%(ns),99.9%(ns),#outliers,#samples
LAT_CMD_RD,Rand,Cold,0,0,8192,8,802,569.4795684814453,560.0,544,3008,576.0,992.0,668.3333333333334,474.5663070678711,466.6666666666667,453.3333333333333,2506.6666666666665,480.0,826.6666666666666,8,16777216
LAT_CMD_RD,Rand,HWarm,0,0,8192,8,735,501.83985710144043,496.0,464,2912,512.0,576.0,612.5,418.199880917867,413.3333333333333,386.6666666666667,2426.6666666666665,426.6666666666667,480.0,9,16777216
LAT_CMD_RD,Rand,Cold,0,0,67108864,8,1299,915.2342433929443,896.0,544,2928,1104.0,1376.0,1082.5,762.6952028274536,746.6666666666666,453.3333333333333,2440.0,920.0,1146.6666666666667,0,16777216
LAT_CMD_RD,Rand,HWarm,0,0,67108864,8,1272,888.491231918335,896.0,464,12016,976.0,1328.0,1060.0,740.4093599319458,746.6666666666666,386.6666666666667,10013.333333333334,813.3333333333334,1106.6666666666667,1,16777216
LAT_CMD_WRRD,Rand,Cold,0,0,8192,8,919,661.5286331176758,656.0,640,2992,672.0,704.0,765.8333333333334,551.2738609313965,546.6666666666666,533.3333333333334,2493.3333333333335,560.0,586.6666666666666,8,16777216
LAT_CMD_WRRD,Rand,HWarm,0,0,8192,8,919,661.6309947967529,656.0,640,2656,672.0,704.0,765.8333333333334,551.3591623306274,546.6666666666666,533.3333333333334,2213.3333333333335,560.0,586.6666666666666,7,16777216
LAT_CMD_WRRD,Rand,Cold,0,0,67108864,8,1507,1098.5085954666138,1088.0,640,2880,1280.0,1552.0,1255.8333333333333,915.4238295555115,906.6666666666666,533.3333333333334,2400.0,1066.6666666666667,1293.3333333333333,0,16777216
LAT_CMD_WRRD,Rand,HWarm,0,0,67108864,8,1476,1067.2349605560303,1072.0,640,5072,1200.0,1520.0,1230.0,889.3624671300253,893.3333333333334,533.3333333333334,4226.666666666667,1000.0,1266.6666666666667,1,16777216
