Test,PAT,Cache,HO,DO,WinSZ,SZ,TAvg,Avg,Med,Min,Max,95%,99.9%,TAvg(ns),Avg(ns),Med(ns),Min(ns),Max(ns),95%(ns),99.9%(ns),#outliers,#samples
LAT_CMD_RD,Rand,Cold,0,0,8192,8,816,582.0685987472534,576.0,560,2000,592.0,784.0,680.0,485.0571656227112,480.0,466.6666666666667,1666.6666666666667,493.3333333333333,653.3333333333334,8,16777216
LAT_CMD_RD,Rand,HWarm,0,0,8192,8,748,513.9804830551147,512.0,464,1888,528.0,544.0,623.3333333333334,428.31706921259564,426.6666666666667,386.6666666666667,1573.3333333333333,440.0,453.3333333333333,6,16777216
LAT_CMD_RD,Rand,Cold,0,0,67108864,8,976,584.2514705657959,576.0,560,1968,592.0,784.0,813.3333333333334,486.8762254714966,480.0,466.6666666666667,1640.0,493.3333333333333,653.3333333333334,7,16777216
LAT_CMD_RD,Rand,HWarm,0,0,67108864,8,961,569.8264675140381,576.0,464,1984,592.0,784.0,800.8333333333334,474.85538959503174,480.0,386.6666666666667,1653.3333333333333,493.3333333333333,653.3333333333334,7,16777216
LAT_CMD_WRRD,Rand,Cold,0,0,8192,8,908,649.129994392395,656.0,624,2128,656.0,672.0,756.6666666666666,540.9416619936625,546.6666666666666,520.0,1773.3333333333333,546.6666666666666,560.0,9,16777216
LAT_CMD_WRRD,Rand,HWarm,0,0,8192,8,908,648.8720569610596,656.0,624,2080,656.0,672.0,756.6666666666666,540.7267141342163,546.6666666666666,520.0,1733.3333333333333,546.6666666666666,560.0,9,16777216
LAT_CMD_WRRD,Rand,Cold,0,0,67108864,8,1151,734.6372375488281,736.0,624,2192,752.0,944.0,959.1666666666666,612.1976979573568,613.3333333333334,520.0,1826.6666666666667,626.6666666666666,786.6666666666666,0,16777216
LAT_CMD_WRRD,Rand,HWarm,0,0,67108864,8,1133,716.3244028091431,736.0,624,2144,752.0,944.0,944.1666666666666,596.9370023409525,613.3333333333334,520.0,1786.6666666666667,626.6666666666666,786.6666666666666,0,16777216
