Test,PAT,Cache,HO,DO,WinSZ,SZ,TAvg,Avg,Med,Min,Max,95%,99.9%,TAvg(ns),Avg(ns),Med(ns),Min(ns),Max(ns),95%(ns),99.9%(ns),#outliers,#samples
LAT_CMD_RD,Rand,Cold,0,0,8192,8,798,565.5309047698975,560.0,544,1184,576.0,976.0,665.0,471.27575397491455,466.6666666666667,453.3333333333333,986.6666666666666,480.0,813.3333333333334,0,16777216
LAT_CMD_RD,Rand,HWarm,0,0,8192,8,798,565.5111455917358,560.0,544,1136,576.0,976.0,665.0,471.2592879931132,466.6666666666667,453.3333333333333,946.6666666666666,480.0,813.3333333333334,0,16777216
LAT_CMD_RD,Rand,Cold,0,0,67108864,8,951,567.9518852233887,560.0,544,1168,576.0,976.0,792.5,473.2932376861572,466.6666666666667,453.3333333333333,973.3333333333334,480.0,813.3333333333334,0,16777216
LAT_CMD_RD,Rand,HWarm,0,0,67108864,8,951,568.4382438659668,560.0,544,1184,576.0,976.0,792.5,473.69853655497235,466.6666666666667,453.3333333333333,986.6666666666666,480.0,813.3333333333334,0,16777216
LAT_CMD_WRRD,Rand,Cold,0,0,8192,8,914,656.0786695480347,656.0,640,1152,672.0,688.0,761.6666666666666,546.7322246233622,546.6666666666666,533.3333333333334,960.0,560.0,573.3333333333334,0,16777216
LAT_CMD_WRRD,Rand,HWarm,0,0,8192,8,914,656.118486404419,656.0,640,1216,672.0,688.0,761.6666666666666,546.7654053370157,546.6666666666666,533.3333333333334,1013.3333333333334,560.0,573.3333333333334,0,16777216
LAT_CMD_WRRD,Rand,Cold,0,0,67108864,8,1155,746.0983877182007,736.0,640,1408,768.0,1168.0,962.5,621.7486564318339,613.3333333333334,533.3333333333334,1173.3333333333333,640.0,973.3333333333334,0,16777216
LAT_CMD_WRRD,Rand,HWarm,0,0,67108864,8,1155,746.0752601623535,736.0,640,1360,768.0,1168.0,962.5,621.7293834686279,613.3333333333334,533.3333333333334,1133.3333333333333,640.0,973.3333333333334,0,16777216
