Test,PAT,Cache,HO,DO,WinSZ,SZ,TAvg,Avg,Med,Min,Max,95%,99.9%,TAvg(ns),Avg(ns),Med(ns),Min(ns),Max(ns),95%(ns),99.9%(ns),#outliers,#samples
LAT_CMD_RD,Rand,Cold,0,0,8192,8,798,565.5024890899658,560.0,544,1232,576.0,976.0,665.0,471.2520742416382,466.6666666666667,453.3333333333333,1026.6666666666667,480.0,813.3333333333334,0,16777216
LAT_CMD_RD,Rand,HWarm,0,0,8192,8,798,565.4609832763672,560.0,544,1168,576.0,976.0,665.0,471.21748606363934,466.6666666666667,453.3333333333333,973.3333333333334,480.0,813.3333333333334,0,16777216
LAT_CMD_RD,Rand,Cold,0,0,67108864,8,953,570.2429838180542,560.0,544,32496,576.0,992.0,794.1666666666666,475.20248651504517,466.6666666666667,453.3333333333333,27080.0,480.0,826.6666666666666,3964,16777216
LAT_CMD_RD,Rand,HWarm,0,0,67108864,8,947,563.4611511230469,560.0,464,1184,576.0,976.0,789.1666666666666,469.55095926920575,466.6666666666667,386.6666666666667,986.6666666666666,480.0,813.3333333333334,0,16777216
LAT_CMD_WRRD,Rand,Cold,0,0,8192,8,916,658.5150260925293,656.0,640,1120,672.0,704.0,763.3333333333334,548.7625217437744,546.6666666666666,533.3333333333334,933.3333333333334,560.0,586.6666666666666,0,16777216
LAT_CMD_WRRD,Rand,HWarm,0,0,8192,8,916,658.5191354751587,656.0,640,1088,672.0,704.0,763.3333333333334,548.765946229299,546.6666666666666,533.3333333333334,906.6666666666666,560.0,586.6666666666666,0,16777216
LAT_CMD_WRRD,Rand,Cold,0,0,67108864,8,1156,746.8956918716431,736.0,640,1360,768.0,1168.0,963.3333333333334,622.4130765597025,613.3333333333334,533.3333333333334,1133.3333333333333,640.0,973.3333333333334,0,16777216
LAT_CMD_WRRD,Rand,HWarm,0,0,67108864,8,1151,741.7249050140381,736.0,640,1456,768.0,1168.0,959.1666666666666,618.1040875116984,613.3333333333334,533.3333333333334,1213.3333333333333,640.0,973.3333333333334,0,16777216
