Test,PAT,Cache,HO,DO,WinSZ,SZ,TAvg,Avg,Med,Min,Max,95%,99.9%,TAvg(ns),Avg(ns),Med(ns),Min(ns),Max(ns),95%(ns),99.9%(ns),#outliers,#samples
LAT_CMD_RD,Rand,Cold,0,0,8192,8,798,565.4411125183105,560.0,544,1184,576.0,976.0,665.0,471.2009270985921,466.6666666666667,453.3333333333333,986.6666666666666,480.0,813.3333333333334,0,16777216
LAT_CMD_RD,Rand,HWarm,0,0,8192,8,797,565.2086544036865,560.0,544,1184,576.0,976.0,664.1666666666666,471.0072120030721,466.6666666666667,453.3333333333333,986.6666666666666,480.0,813.3333333333334,0,16777216
LAT_CMD_RD,Rand,Cold,0,0,67108864,8,950,567.0749464035034,560.0,464,1232,576.0,976.0,791.6666666666666,472.56245533625287,466.6666666666667,386.6666666666667,1026.6666666666667,480.0,813.3333333333334,0,16777216
LAT_CMD_RD,Rand,HWarm,0,0,67108864,8,969,586.2981328964233,576.0,560,4000,608.0,992.0,807.5,488.5817774136861,480.0,466.6666666666667,3333.3333333333335,506.6666666666667,826.6666666666666,1,16777216
LAT_CMD_WRRD,Rand,Cold,0,0,8192,8,915,658.4802732467651,656.0,640,1120,672.0,704.0,762.5,548.733561038971,546.6666666666666,533.3333333333334,933.3333333333334,560.0,586.6666666666666,0,16777216
LAT_CMD_WRRD,Rand,HWarm,0,0,8192,8,915,658.4946670532227,656.0,640,736,672.0,704.0,762.5,548.7455558776855,546.6666666666666,533.3333333333334,613.3333333333334,560.0,586.6666666666666,0,16777216
LAT_CMD_WRRD,Rand,Cold,0,0,67108864,8,1155,746.6248912811279,736.0,640,1344,768.0,1168.0,962.5,622.1874094009399,613.3333333333334,533.3333333333334,1120.0,640.0,973.3333333333334,0,16777216
LAT_CMD_WRRD,Rand,HWarm,0,0,67108864,8,1156,747.8846082687378,736.0,640,1344,768.0,1168.0,963.3333333333334,623.2371735572815,613.3333333333334,533.3333333333334,1120.0,640.0,973.3333333333334,0,16777216
