Test,PAT,Cache,HO,DO,WinSZ,SZ,TAvg,Avg,Med,Min,Max,95%,99.9%,TAvg(ns),Avg(ns),Med(ns),Min(ns),Max(ns),95%(ns),99.9%(ns),#outliers,#samples
LAT_CMD_RD,Rand,Cold,0,0,8192,8,817,582.9655694961548,576.0,560,2288,592.0,784.0,680.8333333333334,485.80464124679565,480.0,466.6666666666667,1906.6666666666667,493.3333333333333,653.3333333333334,7,16777216
LAT_CMD_RD,Rand,HWarm,0,0,8192,8,749,515.6026496887207,512.0,464,2288,528.0,544.0,624.1666666666666,429.6688747406006,426.6666666666667,386.6666666666667,1906.6666666666667,440.0,453.3333333333333,6,16777216
LAT_CMD_RD,Rand,Cold,0,0,67108864,8,1263,873.0140151977539,864.0,560,2416,896.0,1120.0,1052.5,727.5116793314616,720.0,466.6666666666667,2013.3333333333333,746.6666666666666,933.3333333333334,0,16777216
LAT_CMD_RD,Rand,HWarm,0,0,67108864,8,1249,859.0381908416748,864.0,480,2368,896.0,1120.0,1040.8333333333333,715.865159034729,720.0,400.0,1973.3333333333333,746.6666666666666,933.3333333333334,0,16777216
LAT_CMD_WRRD,Rand,Cold,0,0,8192,8,909,650.2475957870483,656.0,624,2432,656.0,672.0,757.5,541.8729964892069,546.6666666666666,520.0,2026.6666666666667,546.6666666666666,560.0,8,16777216
LAT_CMD_WRRD,Rand,HWarm,0,0,8192,8,909,650.1524257659912,656.0,624,2352,656.0,672.0,757.5,541.793688138326,546.6666666666666,520.0,1960.0,546.6666666666666,560.0,7,16777216
LAT_CMD_WRRD,Rand,Cold,0,0,67108864,8,1444,1027.6444988250732,1024.0,624,2688,1056.0,1280.0,1203.3333333333333,856.370415687561,853.3333333333334,520.0,2240.0,880.0,1066.6666666666667,0,16777216
LAT_CMD_WRRD,Rand,HWarm,0,0,67108864,8,1426,1009.9595041275024,1024.0,624,2528,1040.0,1280.0,1188.3333333333333,841.6329201062521,853.3333333333334,520.0,2106.6666666666665,866.6666666666666,1066.6666666666667,0,16777216
